"""uuid""","""name""","""id"""
"""ade2e738-0fef-4ea0-987c-53bb39e4d19f""","""Boat commander""","""/wiki/Boat_commander"""
"""4e1ab9d9-9ed0-4736-a244-25f2317632ed""","""Lord of Bones""","""/wiki/Lord_of_Bones"""
"""86b5892a-c8c2-406a-adb9-9dc41cada3e3""","""Mance Rayder""","""/wiki/Mance_Rayder"""
"""2a2ac588-81a8-4886-ade7-e096502ad3b6""","""Barristan Selmy""","""/wiki/Barristan_Selmy"""
"""81fbe851-8f85-4c44-b023-dfab8b89ec18""","""Razdal mo Eraz""","""/wiki/Razdal_mo_Eraz"""
"""c40dd3f7-4dee-4b31-b415-4c5616308159""","""Lead Dornish guard""","""/wiki/Lead_Dornish_guard"""
"""5937403b-b334-45d6-98c5-7a5de55dc988""","""Lannister guardsman (The Kingsroad)""","""/wiki/Lannister_guardsman_(The_Kingsroad)"""
"""6fa6f6f3-3827-47d1-b22f-33958909f115""","""Lead Kingsguard""","""/wiki/Lead_Kingsguard"""
"""61f6774c-68e5-4cef-b0c1-04769ff438a0""","""Nymeria Sand""","""/wiki/Nymeria_Sand"""
"""bcdeaa09-94cf-429b-8356-44a35cfe0fa0""","""Qartheen woman""","""/wiki/Qartheen_woman"""
"""a843d4e4-ac5d-4214-b956-873d038d4dae""","""Second Son""","""/wiki/Second_Son"""
"""dfed077c-ed79-4268-a53a-ad2641e86150""","""Morgan's friend""","""/wiki/Morgan%27s_friend"""
"""f37d7576-cbc3-4e33-82ee-64345413ec75""","""Bran Stark""","""/wiki/Bran_Stark"""
"""7f5db524-6345-415d-b21d-9e01725664d6""","""Volantene whore 5""","""/wiki/Volantene_whore_5?action=edit&redlink=1"""
"""0ac5b659-efd2-4dd4-90ef-70beb4d5fd7e""","""Varly""","""/wiki/Varly"""
"""8b075805-3057-46a8-b989-3dd553991c65""","""Endrew Tarth""","""/wiki/Endrew_Tarth"""
"""dbf5741e-d75a-48db-8a8e-2bc4b52a1d0f""","""Irri""","""/wiki/Irri"""
"""53efb228-ea4b-4745-8109-fb070bffe091""","""Riddell""","""/wiki/Riddell"""
"""4352ab0e-426a-4f7f-9ab7-0f2661e05e79""","""Lothar Frey""","""/wiki/Lothar_Frey"""
"""026b4a13-a7db-4987-8205-2a2fd5355752""","""Tormund""","""/wiki/Tormund_Giantsbane"""
"""68363de7-16e6-4299-a087-a6929ffc0ad3""","""King's Landing whore (Lord Snow)""","""/wiki/King%27s_Landing_whore"""
"""02bf2f09-45af-410f-9e36-1017e525cd31""","""Cooper""","""/wiki/Cooper"""
"""b91aca7b-88cc-48be-ae47-e9d41f54dbfb""","""Donnel Hill""","""/wiki/Donnel_Hill"""
"""972a7d58-8448-4900-a454-142f320c7526""","""High Septon (Before the riot of King's Landing)""","""/wiki/High_Septon_(Before_the_riot_of_King%27s_Landing)"""
"""5b17c18d-11c4-40af-bdbe-83c7db3e496c""","""Robb Stark""","""/wiki/Robb_Stark"""
"""ad256a2c-4e59-48b0-80d1-1e9a2a1f542c""","""Desmond Crakehall""","""/wiki/Desmond_Crakehall"""
"""3c441c83-a6a6-43c1-9ec8-1b3413b1ae65""","""Waymar Royce""","""/wiki/Waymar_Royce"""
"""15986c75-3bf6-42d2-ab7a-8cf4243e151f""","""Colen""","""/wiki/Colen"""
"""11fb5b25-15c1-44e4-8919-11ecdd1cb383""","""Joffrey Baratheon""","""/wiki/Joffrey_Baratheon"""
"""39bcffbb-5f72-4e01-b939-ca5c1741cc57""","""Stark soldier (Valar Morghulis)""","""/wiki/Stark_soldier_(Valar_Morghulis)"""
"""4629f6b7-d6a2-43c2-9e9a-01dcda20ea54""","""Stark guard (The Pointy End)""","""/wiki/Stark_guard_(The_Pointy_End)"""
"""519ea6a9-faa6-4a92-bdb5-70f9a43bcc87""","""Three-eyed raven""","""/wiki/Three-eyed_raven"""
"""6b15f61f-e604-4498-b077-6f9c5429a6ba""","""Margaery's handmaiden""","""/wiki/Margaery%27s_handmaiden"""
"""f3ffc268-a6c6-4a15-bf5f-9015d61c8b57""","""Derek""","""/wiki/Derek"""
"""2030f4cc-240b-44df-ad1c-8734d4244161""","""Baratheon soldier (Mother's Mercy)""","""/wiki/Baratheon_soldier_(Mother%27s_Mercy)"""
"""a8a536d1-7193-4363-aa42-84aa2ff87f91""","""Unidentified Warlock""","""/wiki/Unidentified_Warlock"""
"""6258ece6-10e4-41cf-aee2-2afd5b7bcd7c""","""Mirelle""","""/wiki/Mirelle"""
"""38fad08a-746d-4323-92a6-f66b763e817e""","""Night's Watch Officer 2""","""/wiki/Night%27s_Watch_Officer_2"""
"""6a08bf9f-6a4a-433c-b48e-9ce9ecf7bdc1""","""Gendry""","""/wiki/Gendry"""
"""fdded44b-337a-449e-a89e-2a93a9c513ba""","""Dongo""","""/wiki/Dongo"""
"""911e4ec1-b194-4d49-9774-75f70620e89e""","""Musician 2 (The Door)""","""/wiki/Musician_2_(The_Door)"""
"""747a0d21-8a9d-4206-937e-98cb0a6bcb2e""","""Little Bird 6""","""/wiki/Little_Bird_6"""
"""f3647cbd-2521-4c77-9a08-57eaff1f7bca""","""Little Bird 7""","""/wiki/Little_Bird_7"""
"""5839413d-d302-4867-a71d-3a03617c3940""","""Little Bird 4""","""/wiki/Little_Bird_4"""
"""8c5762e0-5180-4b71-852e-d03e17a5b1af""","""Addam Marbrand""","""/wiki/Addam_Marbrand"""
"""080f2c04-a4ce-435f-91fc-2f9c1e18ce55""","""Olly's mother""","""/wiki/Olly%27s_mother"""
"""8c83b230-3934-4859-86b1-3a17c4df2c2a""","""Little Bird 3""","""/wiki/Little_Bird_3"""
"""6b5787e9-328b-47c2-a3e7-d2cc37459774""","""Frances""","""/wiki/Little_Bird_1"""
"""6292bf30-cde8-4802-8c4c-65ba205a3c62""","""Gerald""","""/wiki/Gerald"""
"""7ceb9e77-3c3b-41fa-a766-c89858ddeddc""","""Ralf Kenning""","""/wiki/Ralf_Kenning"""
"""d0818a8e-64c9-4d74-8446-4b5e825516b8""","""Tyene Sand""","""/wiki/Tyene_Sand"""
"""eac3fc33-6039-4e44-8657-61c398a3a1e7""","""Baratheon soldier""","""/wiki/Baratheon_soldier"""
"""93b7bf95-fb53-4f7c-ad7e-a1cece77b077""","""Janos Slynt""","""/wiki/Janos_Slynt"""
"""fc88757d-7f7a-4615-8b74-392d6a3e28f8""","""Jon Umber""","""/wiki/Jon_Umber"""
"""f663b622-76cc-4239-944f-6e9e9df38772""","""Vardis Egen""","""/wiki/Vardis_Egen"""
"""da6d6c65-cd57-47b7-a15a-7616561f02c1""","""Lancel""","""/wiki/Lancel_Lannister"""
"""1c3669a8-b5fb-41c7-a204-8025759ab806""","""Lyanna Mormont""","""/wiki/Lyanna_Mormont"""
"""f0f83072-0601-4cfc-a055-bd38660082c5""","""Tobho Mott""","""/wiki/Tobho_Mott"""
"""a44d564c-5d72-4efc-a285-090702f6ebef""","""Mandon Moore""","""/wiki/Mandon_Moore"""
"""eb5bee6a-bb50-488f-82f0-9c82196501b7""","""Violet""","""/wiki/Violet"""
"""fb283d50-d213-4a61-92cc-d356617ca288""","""Drogo""","""/wiki/Drogo"""
"""c8e30822-1e34-47bb-b4f5-f1b5d0625bf8""","""Malko""","""/wiki/Malko"""
"""5f0fae9f-4d78-46a0-a34a-1ebe66a5aaf8""","""Jojen Reed""","""/wiki/Jojen_Reed"""
"""735602de-9c58-4b84-9e12-970ee7266d56""","""Martyn Lannister""","""/wiki/Martyn_Lannister"""
"""fcde974d-c1b9-4114-b6fd-1451c25f5e78""","""Lem""","""/wiki/Lem"""
"""9c96f424-8f1a-4226-b984-0f3e9187da9e""","""Ghita""","""/wiki/Ghita"""
"""09c1dd41-9cc0-4147-9a9a-9608a4595759""","""Rodrik Cassel""","""/wiki/Rodrik_Cassel"""
"""73216fb4-2f81-4e39-8f2e-283c39abda88""","""Xaro Xhoan Daxos""","""/wiki/Xaro_Xhoan_Daxos"""
"""760aa99a-8f94-4dff-a855-85a505127e46""","""White Walker (Oathkeeper)""","""/wiki/White_Walker_(Oathkeeper)"""
"""193533c3-0350-46c6-84bb-894dd89e4e61""","""Musician 4 (The Door)""","""/wiki/Musician_4_(The_Door)"""
"""d620963c-4df5-4d17-a02b-c26572c99d83""","""Willa""","""/wiki/Willa"""
"""6ae368e4-e137-4da0-bb44-b396b4e6975f""","""Loyal Night's Watch man 1""","""/wiki/Loyal_Night%27s_Watch_man_1"""
"""f9efe478-8516-417b-88da-5a17b1d84479""","""Loyal Night's Watch man 2""","""/wiki/Loyal_Night%27s_Watch_man_2"""
"""5b1862ad-6e61-4588-8952-4660210d6f50""","""Marillion""","""/wiki/Marillion"""
"""564a3c84-7a58-4497-b358-ba4d05e44606""","""Beric Dondarrion""","""/wiki/Beric_Dondarrion"""
"""4d554bf2-b374-4f99-944c-50015774fdca""","""Wineseller""","""/wiki/Wineseller"""
"""f435390e-c17d-42f3-a34c-d0655e866e7b""","""High Sparrow""","""/wiki/High_Sparrow"""
"""3156f290-4e09-4687-b834-2eed7c45d7e6""","""Musician 5 (The Door)""","""/wiki/Musician_5_(The_Door)"""
"""dc027d37-36d6-4e20-b55c-2aa7b4885c68""","""Captain of the archers (House Lannister)""","""/wiki/Captain_of_the_Archers"""
"""4a913ddf-2b22-4731-a1e0-65455cbe3de8""","""Drennan""","""/wiki/Drennan"""
"""f10aafad-e238-4342-9140-9a311e489b44""","""Old Nan""","""/wiki/Old_Nan"""
"""f308ad16-1c67-4b33-be0c-45b3dfe9de7c""","""Ironborn in skiff""","""/wiki/Ironborn_in_skiff"""
"""d2f5afa1-29c6-4dd3-9c83-e0f88fbf7587""","""Lannister soldier (The Prince of Winterfell)""","""/wiki/Lannister_soldier_(The_Prince_of_Winterfell)"""
"""5d591da2-2ddc-437e-93aa-041d978e1350""","""Blackmont (Lord)""","""/wiki/Blackmont_(Lord)"""
"""14de295a-efef-4075-84be-7708d5e68772""","""Winter town man""","""/wiki/Winter_town_man"""
"""bd9b85ec-0f34-4207-b5d6-399065977f9a""","""King's Landing urchin""","""/wiki/King%27s_Landing_urchin"""
"""a6f52a41-932f-4ed3-8ab1-65f41b1e2789""","""Reginald Lannister""","""/wiki/Reginald_Lannister"""
"""ac076b51-c73b-4b98-a6b6-39742860c0b0""","""Sissy""","""/wiki/Sissy"""
"""fca7231f-5831-48be-94b4-552041097777""","""Bolton guard (The Laws of Gods and Men)""","""/wiki/Bolton_guard_(The_Laws_of_Gods_and_Men)"""
"""49b091b3-9117-404c-a186-11ede52ada27""","""High Septon (After the riot of King's Landing)""","""/wiki/High_Septon_(After_the_riot_of_King%27s_Landing)"""
"""8bd1d257-4160-4737-b259-20ea30a1fa87""","""Greizhen mo Ullhor""","""/wiki/Greizhen_mo_Ullhor"""
"""118ec2b1-7db7-4451-a407-8be8bfd3bdad""","""White Walker (The Night Lands)""","""/wiki/White_Walker_(The_Night_Lands)"""
"""8315e724-dc0b-462b-aba3-41f41c3c94a3""","""Ramsay Bolton""","""/wiki/Ramsay_Snow"""
"""eb098e17-67b7-4e3e-8ae7-3419abb39ceb""","""Lorren""","""/wiki/Lorren"""
"""038611fe-d2ff-4f36-ae8c-447dc80b615f""","""Little Bird (You Win or You Die)""","""/wiki/Little_Bird"""
"""0d91b114-2761-4bd2-a7d2-0ab0010f0013""","""Karl Tanner""","""/wiki/Karl_Tanner"""
"""7c9d4833-9c6b-4ab5-9b6c-dd23f53f4a38""","""Fennesz""","""/wiki/Fennesz"""
"""63838c3d-6dfe-4b13-a96a-ebea9fcd78c1""","""Goldcloak on the Kingsroad""","""/wiki/Goldcloak_on_the_Kingsroad"""
"""ae8c6d1e-26b7-4952-a630-5dbe14904596""","""Drummer""","""/wiki/Drummer"""
"""6880c966-015d-4be0-9325-1038c4a85a18""","""Pycelle""","""/wiki/Pycelle"""
"""ec8b02fe-91c4-4f7a-86e4-3b7b3bb6e1b8""","""Night's Watch archer""","""/wiki/Night%27s_Watch_Archer"""
"""d0446296-cf2a-4a27-9085-30adb7c3301b""","""Zanrush""","""/wiki/Zanrush"""
"""d9e13409-5a58-4a30-8d82-0ac7a58c87f7""","""Thoros""","""/wiki/Thoros_of_Myr"""
"""e05de981-7af0-4fd6-89df-9bdf9be2fba6""","""Attendant (The Winds of Winter)""","""/wiki/Attendant_(The_Winds_of_Winter)?action=edit&redlink=1"""
"""143690e1-618a-4e0e-83ab-db5bfa50404d""","""Myranda""","""/wiki/Myranda"""
"""50566417-68dd-492f-98eb-944bbed2cc95""","""Rast""","""/wiki/Rast"""
"""39def202-e53c-4542-84c6-b0b850e51042""","""Anara""","""/wiki/Anara"""
"""cd4cca8c-8473-4935-8f4c-7c45df51bf3a""","""Margaery Tyrell""","""/wiki/Margaery_Tyrell"""
"""936381a2-108d-4f4a-a59c-22b07a52d7e8""","""Ash""","""/wiki/Ash"""
"""7571fa8a-82bd-4dac-a189-f06b44bfe2c7""","""Great Master 2 (Breaker of Chains)""","""/wiki/Great_Master_2"""
"""1714bb4f-237b-4938-9796-a6c9cf57d2a0""","""Great Master 1 (Breaker of Chains)""","""/wiki/Great_Master_1"""
"""90dfb726-6d4c-4b8e-bfa9-08bfcce4ecb9""","""Great Master 7""","""/wiki/Great_Master_7"""
"""53079f5a-7669-4386-b9e0-23bbaf23a72e""","""Great Master 6""","""/wiki/Great_Master_6"""
"""efff37dd-f211-4b74-aaea-fc5bc45ae546""","""Great Master 5""","""/wiki/Great_Master_5"""
"""245c28eb-2eb0-4481-b631-352541a13c5d""","""Great Master 4""","""/wiki/Great_Master_4"""
"""dbe75381-60fc-47df-bcc3-c4007ddc51ea""","""Septon (Valar Morghulis)""","""/wiki/Septon_(Valar_Morghulis)"""
"""a3a82734-af93-4fa7-9eb2-fd744da64bad""","""Tyrell servant""","""/wiki/Tyrell_server"""
"""9386f555-6544-4b8d-b5e1-bc85f7763b55""","""Steve""","""/wiki/Steve"""
"""97b1f8eb-ed04-45d5-8542-bcd5f738efd0""","""Street tough""","""/wiki/Street_tough"""
"""ba30404c-3819-4dba-9353-aaffbbbf1e24""","""Great Master 2 (Kill the Boy)""","""/wiki/Great_Master_2_(Kill_the_Boy)"""
"""be770a9e-da8f-40e0-8a2a-6c7892eb58b7""","""Lannister scout""","""/wiki/Lannister_scout"""
"""72ff63bf-e69c-477d-aac8-d5a7fbf69b2b""","""Rakharo""","""/wiki/Rakharo"""
"""a9e3f6aa-ba41-4420-a95c-74bba93fb285""","""Johnna""","""/wiki/Johnna"""
"""1406e276-c32a-4915-871f-23a05f99bf12""","""The Tickler""","""/wiki/Tickler"""
"""b0102391-5ffe-4f72-8cdf-42584cc982e7""","""Melara Hetherspoon""","""/wiki/Melara_Hetherspoon"""
"""37399698-6409-44a5-b103-f8ae530d5247""","""Slaver (Unbowed, Unbent, Unbroken)""","""/wiki/Slaver_(Unbowed,_Unbent,_Unbroken)"""
"""678afbcc-6abb-4b18-9735-5b1faf830ac1""","""Yezzan zo Qaggaz""","""/wiki/Yezzan_zo_Qaggaz"""
"""1edfa8be-82bf-4c50-ab4e-51747ff4949c""","""Ternesio Terys""","""/wiki/Ternesio_Terys"""
"""3e5bd8a7-4ad8-4658-a5f0-d35f2ae6bbd2""","""Dothraki woman having sex (Book of the Stranger)""","""/wiki/Dothraki_woman_having_sex_(Book_of_the_Stranger)"""
"""b5710d27-7a8d-4a0e-8777-9f05a94a4bf2""","""Rhaego""","""/wiki/Rhaego"""
"""4d1d2612-fe2e-4284-8d38-1c5214e7b66c""","""Portan""","""/wiki/Portan"""
"""e5dfb55c-b7bd-4b96-9001-b5eec2e8cd5d""","""Baratheon officer""","""/wiki/Baratheon_officer"""
"""7da38bd5-53d2-434d-8fab-5fe20cbb6dad""","""Aerys II Targaryen""","""/wiki/Aerys_II_Targaryen"""
"""503ec465-97b4-47a2-be4e-e375aa85ec36""","""Karstark soldier 1""","""/wiki/Karstark_soldier_1"""
"""4d8703db-69d1-4aad-998a-3185352e47ea""","""Kinvara""","""/wiki/Kinvara"""
"""13eb3887-cf70-4863-ac2e-a1eb380c47c6""","""Karstark soldier 2""","""/wiki/Karstark_soldier_2"""
"""a8db6966-68a3-4b47-b93d-1fe416f3f3a1""","""Kraznys mo Nakloz""","""/wiki/Kraznys_mo_Nakloz"""
"""9b919b77-7aa2-4ba1-bd7f-f566984cfdf8""","""Unsullied 1 (Oathkeeper)""","""/wiki/Unsullied_1_(Oathkeeper)"""
"""57b39ea3-1bb9-4178-ac7b-9ab65d55629b""","""Farmer Hamlet""","""/wiki/Farmer_Hamlet"""
"""6b5aeba4-0fa6-4a54-b2b5-f27604b39446""","""Rennick""","""/wiki/Rennick"""
"""a7dbc1f4-7e7c-4682-8a08-2b85a137c6a6""","""Mord""","""/wiki/Mord"""
"""06963876-be82-40f7-b3e3-be07a4ccfa54""","""Willem Lannister""","""/wiki/Willem_Lannister"""
"""1a011f39-5660-4afc-9e3c-fa4634a5380d""","""Moro""","""/wiki/Moro"""
"""aa9440ba-3afa-4379-bccb-94c68ecf3c22""","""Wildling rioter""","""/wiki/Wildling_rioter?action=edit&redlink=1"""
"""ab5681bf-0fb1-4b56-9274-ca5ba22d7952""","""Meera Reed""","""/wiki/Meera_Reed"""
"""327de019-1609-4870-a825-ee844deee157""","""Arthur""","""/wiki/Arthur"""
"""25da2f9a-3338-42b1-a5c8-e5240b24db34""","""Talisa Stark""","""/wiki/Talisa_Maegyr"""
"""1f654c75-d476-4f18-a195-5922ba97d83b""","""Kevan Lannister""","""/wiki/Kevan_Lannister"""
"""6617f727-8ac7-4453-8129-a8df7e952eb7""","""Goatherd's son""","""/wiki/Goatherd%27s_son"""
"""8b9c1a96-900d-480c-8888-24bcae87d236""","""Gilly""","""/wiki/Gilly"""
"""62db8625-c345-4739-a8e0-d3780fb6cb8f""","""Ray""","""/wiki/Ray"""
"""0ecef015-04af-46b9-8596-3d096bad8fb4""","""Inn waitress""","""/wiki/Inn_waitress"""
"""f54bd766-22b5-4ae2-8e6a-12ccc45fdde9""","""Theon Greyjoy""","""/wiki/Theon_Greyjoy"""
"""fb849406-3ce6-4d79-b42e-d92d6f52615f""","""Melisandre""","""/wiki/Melisandre"""
"""bd7f26d5-d8c2-4064-a1fc-8dec37bb4d9e""","""Bowen Marsh""","""/wiki/Bowen_Marsh"""
"""1d44ecd9-b414-4b9b-a2c0-a7747c79cdb3""","""Brotherhood member""","""/wiki/Brotherhood_Member"""
"""f536003b-d80f-4a01-999d-45dcad701fa3""","""Yara Greyjoy""","""/wiki/Yara_Greyjoy"""
"""f240058e-d216-4226-ab12-3acf975bd299""","""King's Landing rioter 2""","""/wiki/King%27s_Landing_rioter_2"""
"""bb1e6e1e-4ad2-403d-93a0-c4025f0b874f""","""King's Landing rioter 3""","""/wiki/King%27s_Landing_rioter_3"""
"""30c657ac-dde8-4ca7-8e75-03623e67d365""","""Belicho Paenymion""","""/wiki/Belicho_Paenymion"""
"""9d49a27e-cb0c-46ec-86c0-89b86d8c752a""","""King's Landing rioter 1""","""/wiki/King%27s_Landing_rioter_1"""
"""8dff583c-3bc7-44d5-9f51-87bf7ac98685""","""Frances""","""/wiki/Frances"""
"""9edc8524-a567-47d4-a8df-c090403b944b""","""Loboda""","""/wiki/Loboda"""
"""da89b083-5183-47ba-9c8b-7248423d286b""","""Sailor (The Dance of Dragons)""","""/wiki/Sailor_(The_Dance_of_Dragons)"""
"""e77c6a2c-5ffa-4f51-aaed-0051f304a852""","""Catspaw assassin""","""/wiki/Catspaw_assassin"""
"""c1f0bb0a-d4b2-4b96-bc13-560ee39e0b83""","""Joss (Unbowed, Unbent, Unbroken)""","""/wiki/Joss_(Season_5)"""
"""bfba0dfc-c84e-4b5d-a401-9725e7d31466""","""Illyrio Mopatis""","""/wiki/Illyrio_Mopatis"""
"""58a1deb1-3c88-4a73-af7e-ee2436937d95""","""Galbart Glover""","""/wiki/Galbart_Glover"""
"""56a40149-a625-4d5c-98b3-0e871df518f7""","""Mummer 1""","""/wiki/Mummer_1"""
"""bf96671b-82e1-45a9-b48a-8e0e87cf2549""","""Mummer 2""","""/wiki/Mummer_2"""
"""1cff3c21-c8ff-43ef-974b-2b232b571a91""","""Osha""","""/wiki/Osha"""
"""8e8fdc91-987d-41a0-91a8-cc04f0259e39""","""Forzho""","""/wiki/Forzho"""
"""3cc90ad6-1a2c-42a4-bd9b-46487a003c41""","""Scolera""","""/wiki/Scolera"""
"""f3f3c229-eb35-4143-8768-b8702795b864""","""Iggo""","""/wiki/Iggo"""
"""9941d77c-42b9-4355-bbf7-f30598d96078""","""Mikken""","""/wiki/Mikken"""
"""423819b0-b4ae-4b95-bd51-be7ea9a22a41""","""Walder Rivers""","""/wiki/Walder_Rivers"""
"""e511cca6-07c7-4059-b63a-8985b32d38a7""","""Kayla""","""/wiki/Kayla"""
"""8120de5b-4eac-4b24-8261-387051ea1a68""","""Brea""","""/wiki/Brea"""
"""cf74df11-cb15-40d6-afde-1ad25360b232""","""Ygritte""","""/wiki/Ygritte"""
"""af1cf3dc-cb5e-413b-9953-748d2f42f113""","""Maggy""","""/wiki/Maggy"""
"""3bc8c29f-ed71-4b2f-9357-33fe560d2f72""","""Baratheon General""","""/wiki/Baratheon_General"""
"""461a23fa-bf2b-4905-8cd5-066674517400""","""Robert Baratheon""","""/wiki/Robert_Baratheon"""
"""a444cb96-7e74-4b96-b98e-d28f910c4eb5""","""Dothraki man having sex (Book of the Stranger)""","""/wiki/Dothraki_man_having_sex_(Book_of_the_Stranger)"""
"""4b338cb0-1bd4-438e-95f7-cd0e3e483248""","""Royal Steward""","""/wiki/Royal_Steward"""
"""7cfe6e04-0b85-4d54-89a9-2837e38d3e66""","""Mycah""","""/wiki/Mycah"""
"""6fe53c52-f059-4799-8eb2-3ad40a85a1e6""","""Fighting pit announcer""","""/wiki/Fighting_pit_announcer"""
"""e72a61bb-3c2a-4d14-bb75-5a9a2d503d80""","""Ramsay Bolton""","""/wiki/Ramsay_Bolton"""
"""6c894adb-ee22-44d1-9023-8daa7666b087""","""Pypar""","""/wiki/Pypar"""
"""163ac902-ddb8-43c9-b15e-4fc7b7c28673""","""King's Landing boaster""","""/wiki/King%27s_Landing_boaster"""
"""fa0565e2-7abd-40a1-a5e0-2e2e93c30408""","""Westerosi trader (The Broken Man)""","""/wiki/Westerosi_trader_(The_Broken_Man)?action=edit&redlink=1"""
"""7ab6eb4d-79d9-44f8-9f77-16ece9e4d058""","""Shagga""","""/wiki/Shagga"""
"""971f0f6f-6d5b-499e-9411-827b77fc8dc1""","""Stark guard (A Man Without Honor)""","""/wiki/Stark_guard_(A_Man_Without_Honor)"""
"""724251aa-d0b8-4bef-a14a-ca5b35535c32""","""Todder""","""/wiki/Night%27s_Watchman_(Mhysa)"""
"""26efae8e-57e7-4440-a264-b6e49c3fd5f6""","""Jon Arryn""","""/wiki/Jon_Arryn"""
"""8d776fe6-fab1-41f3-b75c-f0394156b38a""","""Obara Sand""","""/wiki/Obara_Sand"""
"""3fa25876-b88f-4f32-9cf5-9ad275a7f1ff""","""Joss (A Golden Crown)""","""/wiki/Joss"""
"""d156c95d-e7c6-4824-8a8a-b2aab580c1c0""","""Waif""","""/wiki/Waif"""
"""afd8ff22-0bc7-4a96-b4b4-0e9ff534d600""","""Volantene whore 4""","""/wiki/Volantene_whore_4?action=edit&redlink=1"""
"""226956e0-ff0d-41ce-b3a4-78ba15a5ad61""","""Faith Militant 2""","""/wiki/Faith_Militant_2"""
"""2255c0a6-b923-45c1-9b06-162121b97a25""","""Valyrian sword smith""","""/wiki/Valyrian_sword_smith"""
"""d2c661b8-3421-48cf-a00c-6896c1b117d6""","""Faith Militant 1""","""/wiki/Faith_Militant_1"""
"""b8488d4d-066d-49b8-ad04-74e36b46870e""","""Imry Florent""","""/wiki/Imry_Florent"""
"""fb77ae7a-1830-4065-a99c-f51f8cdc5cb5""","""Yunkai'i whore""","""/wiki/Yunkai%27i_whore"""
"""e3dcfd7c-1cb3-446b-82af-9299cf6cdc60""","""Brothel child 2""","""/wiki/Brothel_child_2"""
"""3f2fd780-a530-4cbb-b0ad-fde632263743""","""Slave (Breaker of Chains)""","""/wiki/Slave_(Breaker_of_Chains)"""
"""261b3ec9-c409-4dd5-a2bb-f606e3d39583""","""Old woman""","""/wiki/Old_woman"""
"""a1085a99-1970-48ae-be1a-b5fa8743ab99""","""Vala""","""/wiki/Vala"""
"""165ff4ce-7d77-40d5-bd58-a04b655d7d7a""","""Brant""","""/wiki/Brant"""
"""f8d56287-976c-44c2-97f6-9ed0dfb9dc38""","""Lannister soldier (No One)""","""/wiki/Lannister_soldier_(No_One)"""
"""6203edfc-0254-4b1a-a802-dfbeec19b650""","""Bolton soldier (The Red Woman)""","""/wiki/Bolton_soldier_(The_Red_Woman)"""
"""91d42eec-cf31-4905-a8a9-be6d0dd7be30""","""Tyrion Lannister""","""/wiki/Tyrion_Lannister"""
"""0e35e257-7c36-499d-8a90-304bc84b909d""","""Karstark lookout""","""/wiki/Karstark_lookout"""
"""a9a78d1f-f36e-42c2-bf4f-be2de38df124""","""Axell Florent""","""/wiki/Axell_Florent"""
"""6614e48b-3df2-4608-9332-06e36aca23fe""","""Chella""","""/wiki/Chella"""
"""0865e303-1cde-4121-9d62-f113494ca922""","""Bronn""","""/wiki/Bronn"""
"""5a8bd20d-3173-424f-8185-89a4c9c7b0f6""","""Kegs""","""/wiki/Kegs"""
"""714c3db8-6dd8-4274-83ed-79674d0e7222""","""Olyvar""","""/wiki/Olyvar"""
"""5d20893e-3101-44f8-859e-1da0200ca13b""","""Walda Bolton""","""/wiki/Walda_Bolton"""
"""ec5dbd15-66d3-4543-bade-45b3d845b75b""","""Fruit vendor""","""/wiki/Fruit_vendor"""
"""ff7a6cee-cd93-47ad-9941-6e791c7e8a36""","""Lollys Stokeworth""","""/wiki/Lollys_Stokeworth"""
"""baefa7e7-cb3d-4b5d-9f54-999fce77b1d3""","""Howland Reed""","""/wiki/Howland_Reed"""
"""8b3a04f4-d858-469f-957b-0aae01835cf9""","""Bobono""","""/wiki/Bobono"""
"""f152b42e-fa39-42ca-8e6b-6177a8cb3dfd""","""Talisa Stark""","""/wiki/Talisa_Stark"""
"""1f8e564a-ef59-440f-8a13-76f0fee2b48f""","""Shae""","""/wiki/Shae"""
"""da3ec91b-edeb-43a4-a1de-818c6f05ca97""","""Dwarf 2""","""/wiki/Dwarf_2"""
"""b2982842-cdc0-4f4d-bcf6-0ad050771f0d""","""Dwarf 3""","""/wiki/Dwarf_3"""
"""6c5ac96f-da96-4a7e-ae73-80248d2be254""","""Dwarf 1""","""/wiki/Dwarf_1"""
"""d5d15aa0-3f96-480a-8067-723132ac38c4""","""Dwarf 4""","""/wiki/Dwarf_4"""
"""8249341e-a0e5-457c-85fa-31ff67c6a969""","""Dwarf 5""","""/wiki/Dwarf_5"""
"""a309d820-0ad4-48e7-8698-ffbcc9241706""","""Tortured prisoner""","""/wiki/Tortured_prisoner"""
"""e66007fd-e99f-45b1-999f-2db2012ffd08""","""Night's Watch man 1""","""/wiki/Night%27s_Watch_man_1"""
"""277a20c2-338a-44df-beeb-36ddfc5a75c6""","""Night's Watch man 2""","""/wiki/Night%27s_Watch_man_2"""
"""8849afa5-6c60-4dad-a2d2-f9c18d69a30a""","""Beggar woman""","""/wiki/Beggar_woman"""
"""a2abfc45-1460-4c09-8bca-ea9222201476""","""Roslin Tully""","""/wiki/Roslin_Frey"""
"""9fb9930e-3ffc-4f05-ac8b-26e9a7b30ad4""","""Ellaria Sand""","""/wiki/Ellaria_Sand"""
"""e2459b99-f94a-4d23-80ad-d6a2159f6bf5""","""Torrhen Karstark""","""/wiki/Torrhen_Karstark"""
"""bf5f1e5c-a170-4b7f-9e90-94328172f913""","""Braavosi woman 2 (The Door)""","""/wiki/Braavosi_woman_2_(The_Door)"""
"""f65a0a13-134b-47ed-a6c9-140ab8956af4""","""Mero""","""/wiki/Mero"""
"""b46f5d3a-6116-422f-b229-2dad6e2faf25""","""Dagmer""","""/wiki/Dagmer"""
"""2b3fe504-02d4-44b7-8105-3944fd4143f8""","""Night's Watch man (Book of the Stranger)""","""/wiki/Night%27s_Watch_man_(Book_of_the_Stranger)"""
"""b526bd96-d34d-4096-a946-d01c8721fc89""","""Sellsword (High Sparrow)""","""/wiki/Sellsword_(High_Sparrow)"""
"""ef15d666-8a72-442f-8706-aed813b9ae6c""","""Arthur Dayne""","""/wiki/Arthur_Dayne"""
"""17c2a9e6-54d2-4d0d-a78d-93e95540fbbe""","""Innkeeper's daughter""","""/wiki/Innkeeper%27s_daughter"""
"""3232287e-a209-425e-a26e-74100811826f""","""Mole's Town madam""","""/wiki/Mole%27s_Town_madam"""
"""a3f2fa54-d16b-4bf9-9b7a-1c4fb3cf23ef""","""Varys""","""/wiki/Varys"""
"""2ffe86d3-5f60-494d-bb2c-c4b9b5c0c174""","""Styr""","""/wiki/Styr"""
"""531f9f58-f16f-4ec2-b2ec-c8d831882d2c""","""Timett""","""/wiki/Timett"""
"""96e658c0-9a35-4de5-8e14-625ce5c3d9a7""","""Wun Weg Wun Dar Wun""","""/wiki/Wun_Weg_Wun_Dar_Wun"""
"""1f02f879-69c2-48df-b93e-42a51b4a5b7d""","""Night King""","""/wiki/Night_King"""
"""37260961-bdf4-4c6b-8cf8-327f373b7100""","""Edmure Tully""","""/wiki/Edmure_Tully"""
"""e8ad2591-0305-467f-9ba0-d6cd44fd8a7b""","""Mordane""","""/wiki/Mordane"""
"""69807488-4f6c-4e73-b024-cb2b99fe3343""","""White Walker (Valar Morghulis)""","""/wiki/White_Walker_(Valar_Morghulis)"""
"""21b02d9f-4eae-4b13-afe2-35c5d1e1fc7d""","""White Walker (Winter is Coming)""","""/wiki/White_Walker_1_(Winter_is_Coming)"""
"""0b61cefc-3949-41ee-8c90-8e4c3a188233""","""Marei""","""/wiki/Marei"""
"""c5cfebe1-76c2-4002-8820-541e89b17e8f""","""Whore (The Maiden)""","""/wiki/Whore_(The_Maiden)"""
"""f4f8458b-6411-42f6-b690-968f1acbb64d""","""Gatins""","""/wiki/Gatins"""
"""5953d83b-89ed-4666-a7f3-7ae3439cfd17""","""Captain of the archers (House Bolton)""","""/wiki/Captain_of_the_archers_(House_Bolton)"""
"""3946db83-7630-4bd2-acd2-1d5bf8ffa58d""","""Helliweg""","""/wiki/Helliweg"""
"""d38dc12f-e088-4173-a3f3-5bdd6ebd3c44""","""Valyrian slave""","""/wiki/Valyrian_slave"""
"""66577d9b-058b-4f94-8e25-2a7563c067db""","""Ros""","""/wiki/Ros"""
"""bd3278e1-cf67-4a08-8349-1b434afac6d9""","""Musician 3 (The Door)""","""/wiki/Musician_3_(The_Door)"""
"""1f1b695c-d2db-476a-a28a-560ab3d86caa""","""Mhaegen""","""/wiki/Mhaegen"""
"""9331dd44-2f1e-4b2e-aa53-815d75ebe0fb""","""Foreign merchant""","""/wiki/Foreign_merchant"""
"""29d75e8e-a2e6-4159-9f33-bb28f5e9a7c8""","""White Walker (Winter is Coming)""","""/wiki/White_Walker_2_(Winter_is_Coming)"""
"""f1d1a790-365c-40ea-8ee8-d1368821bad0""","""Craster's younger wife (Walk of Punishment)""","""/wiki/Craster%27s_younger_wife"""
"""da05b054-af57-4725-b24b-4f22186663ba""","""Viserys Targaryen""","""/wiki/Viserys_Targaryen"""
"""57f186f1-54ca-40fa-a922-555ae8ec0b56""","""Jaqen H'ghar""","""/wiki/Jaqen_H%27ghar"""
"""e97dab73-f277-433f-ab08-464a6c9a5cc4""","""Night's Watchman (Baelor)""","""/wiki/Night%27s_Watchman"""
"""270ab5fa-b031-4b53-a409-5bbeed25b587""","""Steelshanks""","""/wiki/Steelshanks"""
"""c0bba4a6-504a-42b4-98c7-ee703029325d""","""Biter""","""/wiki/Biter"""
"""944f769b-9aa6-4c98-8a38-a24fe21aefda""","""Missandei""","""/wiki/Missandei"""
"""f70609dd-58a7-483e-96e8-949a4fc25edf""","""Jorah Mormont""","""/wiki/Jorah_Mormont"""
"""0fa48df6-5de4-4da2-9aa5-fba1b1ce16e9""","""Sandor Clegane""","""/wiki/Sandor_Clegane"""
"""a8293db8-0cdf-4d7f-a009-5b9a5fec3c86""","""Knight of House Lynderly""","""/wiki/Knight_of_House_Lynderly"""
"""335c30e7-4b81-445e-8e02-d68d0048d173""","""Volantene whore 2""","""/wiki/Volantene_whore_2?action=edit&redlink=1"""
"""e62c4a38-d3a5-40e5-b329-33d8e7ec6b75""","""Simpson""","""/wiki/Simpson"""
"""c33b3811-b5dd-4ca4-94fb-50330b941e42""","""Jonos Bracken""","""/wiki/Jonos_Bracken"""
"""9af15bc3-a8a5-4e48-b2ed-a03dec8b24d4""","""Rickard Karstark""","""/wiki/Rickard_Karstark"""
"""a67f2f8b-84a3-47e9-98bb-1efbace6ffc1""","""Thoros""","""/wiki/Thoros"""
"""5aa1846b-b841-4cb4-871d-9dbb50a7bbe8""","""Braavosi madam""","""/wiki/Braavosi_Madam"""
"""beb988a9-73f6-40fd-9296-04fcde56a080""","""Dwarf hunter 2""","""/wiki/Dwarf_hunter_2"""
"""e1bfc4d5-d43e-4d89-98a6-6daca79df85e""","""Craster's wife 2 (Oathkeeper)""","""/wiki/Craster%27s_wife_2_(Oathkeeper)"""
"""12a6dc17-3af8-4a3e-9483-9ebb36d7354c""","""Orphan kid""","""/wiki/Orphan_kid"""
"""d912a6c3-d834-441d-8263-2d96cefb800b""","""Tommy""","""/wiki/Tommy"""
"""1beeb1fa-382d-4e42-938c-e5d3af4c5a87""","""Wallen""","""/wiki/Wallen"""
"""fa1c12a4-e0b5-4dfd-8649-e383cde726f0""","""Rorge""","""/wiki/Rorge"""
"""5bf7c990-4bf5-4390-bdec-9dd7c3dcd894""","""Podrick Payne""","""/wiki/Podrick_Payne"""
"""c8913652-0163-4207-bd0d-0aa9dcc93ccb""","""Oberyn Martell""","""/wiki/Oberyn_Martell"""
"""e7effe08-acd1-440a-bd11-b037d3dfca63""","""Randyll Tarly""","""/wiki/Randyll_Tarly"""
"""c2e64db7-7e6d-4a81-81f7-3c20da74229b""","""Gregor Clegane""","""/wiki/Gregor_Clegane"""
"""8ba0ae03-80d7-476a-805d-68531ee4f767""","""Matthos Seaworth""","""/wiki/Matthos_Seaworth"""
"""33ebaa8f-e156-4d57-ae08-e84230677640""","""Eddison Tollett""","""/wiki/Eddison_Tollett"""
"""271b8138-888a-4f3d-8361-e0cc9b58b18a""","""Tywin Lannister""","""/wiki/Tywin_Lannister"""
"""eef8ed25-fe53-4d1c-a088-7966921e6340""","""Tyrell guard (The Gift)""","""/wiki/Tyrell_guard_(The_Gift)"""
"""87fc94f9-1425-4b9c-8d7a-df616cd9f5e2""","""Waif""","""/wiki/The_Waif"""
"""24ee4334-157b-424f-b38b-d193d9ff3856""","""Stannis Baratheon""","""/wiki/Stannis_Baratheon"""
"""2fa67041-21a7-446c-8233-5c90271ab966""","""Whore (The Crone)""","""/wiki/Whore_(The_Crone)"""
"""1cb8e2fe-0423-49df-948a-4478bfb1800d""","""Clea""","""/wiki/Clea"""
"""bf613205-3d0e-481f-a733-ebae34b599c9""","""High Priestess of the Dosh Khaleen""","""/wiki/High_Priestess_of_the_Dosh_Khaleen"""
"""8346927d-9dac-4a4c-b1c1-bd306fd1b017""","""King's Landing flasher 2""","""/wiki/King%27s_Landing_flasher_2?action=edit&redlink=1"""
"""18094363-8756-430a-901c-12ab38625864""","""Todder""","""/wiki/Todder"""
"""44422659-c502-4ad3-915b-18ab9cd865b7""","""Anguy""","""/wiki/Anguy"""
"""e7d85dd3-23a2-4a9c-b310-6edc8f6e39f0""","""Qorro""","""/wiki/Qorro"""
"""0b78c819-9712-4763-a8c7-038ec929fa0a""","""Qyburn""","""/wiki/Qyburn"""
"""0bd2c96c-9a9f-4ee2-a3d8-5c322b30256f""","""Great Master 3 (Kill the Boy)""","""/wiki/Great_Master_3_(Kill_the_Boy)"""
"""8980a17b-6e5f-4a70-9105-40127b12afb1""","""Mossador""","""/wiki/Mossador"""
"""62f5d0f8-aa43-4c0f-a119-4b8ec4c8045a""","""Quaithe""","""/wiki/Quaithe"""
"""9b89d4ea-c547-48a4-b8f0-ac35e4b63edc""","""Caleotte""","""/wiki/Caleotte"""
"""af20215a-799e-4188-983c-a299cff3e7da""","""Renly Baratheon""","""/wiki/Renly_Baratheon"""
"""a6a58762-e295-4eb5-8bb1-3f22afb4d860""","""Hizdahr zo Loraq's manservant""","""/wiki/Hizdahr_zo_Loraq%27s_manservant"""
"""e1c7787e-bf51-4938-ab6e-01e78b8df248""","""Tourney Herald""","""/wiki/Tourney_Herald"""
"""e2b46234-c26f-44b8-8bd5-815b77102807""","""Thenn warg""","""/wiki/Thenn_warg"""
"""d5e09503-7a9e-4e36-9f1e-632e18f840fd""","""Thirteen member""","""/wiki/Thirteen_member"""
"""70d1d4a8-b2ea-4784-b3b5-24b2b40e6e43""","""Tully bannerman (No One)""","""/wiki/Tully_bannerman_(No_One)"""
"""35469e01-9d4a-4667-8e39-3aede78ba153""","""Northman archer (Battle of the Bastards)""","""/wiki/Northman_archer_(Battle_of_the_Bastards)?action=edit&redlink=1"""
"""35e773d2-b0d4-4ee8-858a-705e3c086b54""","""Genna""","""/wiki/Genna"""
"""69025727-079b-45d0-a7bc-8b22a3b851dc""","""Jeor Mormont""","""/wiki/Jeor_Mormont"""
"""9c76892c-8488-4f29-9a0c-2753f88b16e0""","""Street tough 2""","""/wiki/Street_tough_2"""
"""fc3dc184-6fa0-478b-be0f-5e5cf00076c2""","""Wolkan""","""/wiki/Wolkan"""
"""1091bfc7-1798-46ac-a59e-2ef5c8a23997""","""Hog farmer""","""/wiki/Hog_farmer"""
"""af57e119-1e8a-45d3-a597-7d2807a690cf""","""Dim Dalba""","""/wiki/Dim_Dalba"""
"""ddbb7bc2-720d-4fce-8cae-d1ca57c3171c""","""Gordy""","""/wiki/Gordy"""
"""d0406835-b03f-4112-95bf-d049db9940d1""","""Old woman prisoner""","""/wiki/Old_woman_prisoner"""
"""75466fb0-0fc9-41ef-9b5d-02dd0fc88acb""","""Protestor""","""/wiki/Protestor"""
"""4f38bc60-847d-469b-8f94-b4acbc54a0b6""","""Red Priestess (High Sparrow)""","""/wiki/Red_Priestess_(High_Sparrow)"""
"""145e00ac-2f9b-4504-b6ac-16a2c70358da""","""Little Bird (The Mountain and the Viper)""","""/wiki/Little_Bird_(The_Mountain_and_the_Viper)"""
"""29cfcc9c-a719-45ac-aa7a-0c275a153f67""","""Woodcutter""","""/wiki/Woodcutter?action=edit&redlink=1"""
"""852f19be-2cab-4f36-ba81-31ccb14d5f70""","""Locke""","""/wiki/Locke"""
"""9040a5aa-a4b7-4810-9132-bcec34dd68da""","""Arthur""","""/wiki/Little_Bird_2"""
"""c946b538-732c-4f9e-8f70-ac0983ba94cf""","""Drogo""","""/wiki/Khal_Drogo"""
"""14e70970-4f3b-4d7f-ae3f-89aa3fd96d61""","""Jory Cassel""","""/wiki/Jory_Cassel"""
"""f0c2681f-9ea8-41da-99e4-1c86436b6b1c""","""Moro's bloodrider 1""","""/wiki/Moro%27s_bloodrider_1"""
"""d3d2256d-c771-4938-8945-8c741b9f4027""","""Moro's bloodrider 2""","""/wiki/Moro%27s_bloodrider_2"""
"""cf5d9fed-bf0c-45ac-bbb4-610fef1d1976""","""Musician 2 (The Lion and the Rose)""","""/wiki/Musician_2_(The_Lion_and_the_Rose)"""
"""0d778907-1151-46ef-9763-b8aeb5fea03f""","""Brienne of Tarth""","""/wiki/Brienne_of_Tarth"""
"""7cc9648f-c16b-4119-b4aa-e3c5e668a5e6""","""Jaremy Rykker""","""/wiki/Jaremy_Rykker"""
"""c18255d6-077b-4b2f-bbba-15907a1fce8c""","""Morgan (Two Swords)""","""/wiki/Morgan_(Two_Swords)"""
"""f06fbdee-9028-4078-81c9-96a55968e411""","""Qhono""","""/wiki/Qhono"""
"""15e528dd-4eda-4d34-bcd2-83cd07393520""","""Whore 2 (Two Swords)""","""/wiki/Whore_2_(Two_Swords)?action=edit&redlink=1"""
"""88a10342-de24-4a46-b6ce-48192093d35b""","""Lommy""","""/wiki/Lommy"""
"""0e54bef3-0e66-4468-aa35-81a6ac1fb398""","""Brynden Tully""","""/wiki/Brynden_Tully"""
"""94b4c431-1622-4588-ba87-2442542bdd6b""","""Lyanna Stark""","""/wiki/Lyanna_Stark"""
"""fbf1d22b-4c35-43ef-98e4-cfd228c67e1b""","""Roose Bolton""","""/wiki/Roose_Bolton"""
"""9867567b-9e3e-4c5d-b852-b5e17e5a972a""","""Luwin""","""/wiki/Luwin"""
"""a7751936-a383-43ec-92ef-1a805ed4624a""","""Dwarf hunter 1""","""/wiki/Dwarf_hunter_1"""
"""b90f2c32-ab93-48a7-b36f-507558d4d1ce""","""Knight of House Frey""","""/wiki/Knight_of_House_Frey"""
"""5ba3a643-d1cc-49be-9c4e-05c9ab42937b""","""Mirri Maz Duur""","""/wiki/Mirri_Maz_Duur"""
"""f838c522-1621-47b9-ba95-c97d4b466efa""","""Mully""","""/wiki/Mully"""
"""28b2c149-ee26-4579-8527-14d7fb14b3b1""","""Bran Stark""","""/wiki/Brandon_Stark"""
"""7cdd457d-b17e-4cde-9837-351c666829ab""","""Bolton officer""","""/wiki/Bolton_officer"""
"""5c07c677-b543-4573-b929-6291ced09537""","""Clarenzo""","""/wiki/Clarenzo"""
"""0daab9f2-cc56-4e5c-9c0b-5773f9ffb29c""","""Lannister captain (Home)""","""/wiki/Lannister_captain_(Home)"""
"""b894642b-89ba-460f-9a50-741e56512d65""","""Brotherhood member""","""/wiki/Brotherhood_member"""
"""ea16b141-d955-4fa1-9a92-9d77b6625b51""","""Wounded Lannister""","""/wiki/Wounded_Lannister"""
"""6c89644d-8ade-4e4c-85c1-746840c00dbf""","""Dothraki crone""","""/wiki/Dothraki_crone"""
"""132459d4-17f2-4ba5-9627-970dddabbdce""","""Daenerys Targaryen""","""/wiki/Daenerys_Targaryen"""
"""8a9c5d07-92f4-48e4-9478-f1dbe265c25e""","""Jhiqui""","""/wiki/Jhiqui"""
"""782ff6ef-a281-48b4-9806-d82e0541fd67""","""Vance Corbray""","""/wiki/Vance_Corbray"""
"""b9828ece-e35f-4780-a446-176c9d11f563""","""Farlen""","""/wiki/Farlen"""
"""2a1d31d6-b59e-40a1-88e2-c4f8670eaf12""","""High Priestess of the Dosh Khaleen""","""/wiki/High_Priestess_of_the_Dosh_khaleen"""
"""4e83484c-6915-465a-ac87-2d37409d57a2""","""Pentoshi servant""","""/wiki/Pentoshi_servant"""
"""4f4db297-fa23-4e01-8826-34955e9fedcb""","""Arya Stark""","""/wiki/Arya_Stark"""
"""1168106c-c0b5-4f26-8084-c07fbeb8c552""","""Theon's master of hounds""","""/wiki/Theon%27s_master_of_hounds"""
"""d264f90a-7a3f-4791-b376-58df96e6931b""","""Spice King""","""/wiki/Spice_King"""
"""3a1e3884-e3d6-4acd-9485-4ae1549d779e""","""Whore (The Warrior)""","""/wiki/Whore_(The_Warrior)"""
"""ddaa5421-5e0c-4f33-9977-c9a14191bcc3""","""Davos Seaworth""","""/wiki/Davos_Seaworth"""
"""46c84991-8158-4b1a-98dd-6aeffa17b19d""","""Lannister guard 1""","""/wiki/Lannister_guard_1"""
"""a39afb93-13b9-427f-9cc3-8abcd74d35e9""","""Lannister guard 2""","""/wiki/Lannister_guard_2"""
"""86c50c79-b4eb-420b-945a-431ba01bfb5b""","""Gerold Hightower""","""/wiki/Gerold_Hightower"""
"""6fa323b3-63a4-4b63-b881-bddd0a75962f""","""Mallister supporter""","""/wiki/Mallister_supporter"""
"""b9df4326-62b4-467f-85c7-08bef62dbf5c""","""Mummer (Margaery Tyrell)""","""/wiki/Mummer_(Margaery_Tyrell)"""
"""fea2765a-923c-41f2-95cd-4088c559edc8""","""Tommen's manservant""","""/wiki/Tommen%27s_manservant"""
"""6ed338dd-afc8-4cb2-ae8b-6a16d17a63fb""","""Morgan""","""/wiki/Morgan"""
"""0b2fffba-2215-4079-9a55-d125326185c2""","""Polliver""","""/wiki/Polliver"""
"""31a6db0f-098f-45d5-8ece-2360c98bef64""","""Captain's daughter""","""/wiki/Captain%27s_daughter"""
"""bb23b515-ec8a-4c11-a7b8-7237b7e04798""","""Cley Cerwyn""","""/wiki/Cley_Cerwyn"""
"""0fcda517-9b60-480e-a223-b9c20b9015ed""","""Yoren""","""/wiki/Yoren"""
"""c8bbe726-e572-4fd5-848a-94bfb3991932""","""Euron Greyjoy""","""/wiki/Euron_Greyjoy"""
"""6e136b7c-924b-4e87-b2c8-b8af9c691df5""","""Dothraki widow 2""","""/wiki/Dothraki_widow_2"""
"""4683ad14-b0d3-4916-b34e-b759abffca84""","""Aemon""","""/wiki/Aemon"""
"""71918305-1b7b-40a6-b601-13d85ade8d9a""","""Maege Mormont""","""/wiki/Maege_Mormont"""
"""ce853c03-764a-4f28-9604-6fc454c25af0""","""Ironborn 3 (The Door)""","""/wiki/Ironborn_3_(The_Door)"""
"""6ea866c4-5c8f-4091-936f-a98ef3ec6349""","""Alliser Thorne""","""/wiki/Alliser_Thorne"""
"""594e3f5d-dc44-4b47-b997-4ec4c6a7570b""","""Little Bird 5""","""/wiki/Little_Bird_5"""
"""ba9f817a-b225-4301-be1c-664e0a7e8f1c""","""King's Landing whore (Lord Snow)""","""/wiki/King%27s_Landing_Whore"""
"""d192d56d-b9af-4c12-a839-84878a43a87e""","""Bianca""","""/wiki/Bianca"""
"""d966c7db-e76d-46ae-9cb4-236a6f821ea0""","""Quent""","""/wiki/Quent"""
"""6405ccfe-ef98-4063-8605-0bacd2eef508""","""Kesh""","""/wiki/Kesh"""
"""60823c68-2617-411f-b60e-39a691107e14""","""Rickon Stark""","""/wiki/Rickon_Stark"""
"""666acfaa-ca0c-46fa-bc8d-a01a3cc0dc38""","""Musician 1 (The Door)""","""/wiki/Musician_1_(The_Door)"""
"""8a67dc62-2c21-4eac-93de-9cd4c99ce39d""","""Lhara""","""/wiki/Lhara"""
"""8c45ed9e-56fe-4009-bc13-8819327b500a""","""Othell Yarwyck""","""/wiki/Othell_Yarwyck"""
"""dc284686-481f-40b2-9026-5c354f577bf0""","""Bathhouse prostitute""","""/wiki/Bathhouse_prostitute"""
"""21fb4ac4-03c6-4113-91bc-4ada8a7e6cf4""","""Male prostitute""","""/wiki/Male_prostitute"""
"""4d8bed34-c4d6-47ea-a473-a37ee14e781f""","""Vayon Poole""","""/wiki/Vayon_Poole"""
"""82d25223-b991-4f4c-9dc6-13b0f41e57b8""","""Winterfell shepherd""","""/wiki/Winterfell_shepherd"""
"""1f7cf8b6-2b23-4ca7-9dd1-5b7cfaee17e9""","""Musician 3 (The Lion and the Rose)""","""/wiki/Musician_3_(The_Lion_and_the_Rose)"""
"""e9972a7a-14d7-48f5-9afd-d79ef41045aa""","""King's Landing whore (Mother's Mercy)""","""/wiki/King%27s_Landing_whore_(Mother%27s_Mercy)"""
"""afcc330e-fd2d-4117-a0f0-cc2a4e17178f""","""Shireen Baratheon""","""/wiki/Shireen_Baratheon"""
"""56679d32-351c-40b1-b659-89f58a1cc34f""","""Craster's wife 3 (Oathkeeper)""","""/wiki/Craster%27s_wife_3_(Oathkeeper)"""
"""64a73f11-3820-4f6b-b471-d4630c5711b9""","""Lordsport dockhand""","""/wiki/Lordsport_dockhand"""
"""a828d3f8-acae-49ff-aeaa-9867fad3dd5c""","""Meereenese homeless mother""","""/wiki/Meereenese_homeless_mother"""
"""ffacb698-f0fb-47f8-a273-ba05becb304d""","""Salladhor Saan""","""/wiki/Salladhor_Saan"""
"""6a661928-0c66-4fec-a22f-3927ecdc0828""","""Bear Island maester""","""/wiki/Bear_Island_maester"""
"""de0efb5c-1560-4ad8-a8aa-bbcb12b07c55""","""Merchant captain""","""/wiki/Merchant_captain"""
"""4e88c82d-784f-48bf-a64e-657da8c189dd""","""White Rat""","""/wiki/White_Rat"""
"""9095f5d4-4965-4f13-9dac-cb5d7d928a34""","""Syrio Forel""","""/wiki/Syrio_Forel"""
"""f78ae50e-0bba-4a50-be89-3d872f0446ee""","""Cressen""","""/wiki/Cressen"""
"""a95934a3-073a-4a1f-a1cf-09f96f9be4e0""","""Izembaro""","""/wiki/Izembaro"""
"""0e61d278-6d08-4fcd-8772-2e7ab5e62537""","""Sam""","""/wiki/Sam"""
"""6a549a37-393a-466d-a63e-882501249010""","""Sally""","""/wiki/Sally"""
"""9d46bc99-064c-44c8-b848-afee21e24e05""","""Northern Lord""","""/wiki/Northern_Lord"""
"""692d3d14-0947-4ca8-ac6b-90b239117eb2""","""King's Landing tailor""","""/wiki/King%27s_Landing_tailor"""
"""8b8864b5-734e-4f4f-a3ad-0ece6e963166""","""Braavosi woman 1 (The Door)""","""/wiki/Braavosi_woman_1_(The_Door)"""
"""2a478e6d-1c37-46df-a009-6d25fffb7eb0""","""Daisy""","""/wiki/Daisy"""
"""201ec254-470b-4241-afcb-debc92dd5a94""","""Stark guard (Fire and Blood)""","""/wiki/Stark_guard_(Fire_and_Blood)"""
"""f9792b36-84ff-4aa8-8d86-ce9bbe2c9297""","""Tomard""","""/wiki/Tomard"""
"""8140bd78-e3e2-4d6e-b25b-6b56a01367be""","""Hoster Tully""","""/wiki/Hoster_Tully"""
"""cbec03c7-1970-451e-b0a6-4c81cf35a5c6""","""Hallyne""","""/wiki/Hallyne"""
"""c36c8810-9ef4-4460-b531-732026bd32fa""","""Kovarro""","""/wiki/Kovarro"""
"""b81664d2-8f41-4331-8312-da8818a6f891""","""Oznak zo Pahl""","""/wiki/Oznak_zo_Pahl"""
"""08034c51-f80f-4724-89ab-d3c69622bb2d""","""Despondent man""","""/wiki/Despondent_man"""
"""bcf3ca89-6075-4a31-889b-f1e7bd7707e6""","""Lannister captain""","""/wiki/Lannister_captain"""
"""9f87613e-4575-4731-a1c0-9c3318052fdf""","""Orell""","""/wiki/Orell"""
"""77900c2b-b403-4cfe-8285-66dcfbd418b4""","""Singing Lannister soldier""","""/wiki/Singing_Lannister_soldier"""
"""7196f46c-e81c-45b4-8a9b-9f81999a9a42""","""Gared""","""/wiki/Gared"""
"""d67b1f79-f3e5-4b88-a50c-8143c76361b6""","""Hizdahr zo Loraq""","""/wiki/Hizdahr_zo_Loraq"""
"""ef9b46cf-a408-46dc-887d-92137d71f7a2""","""Dying man""","""/wiki/Dying_man"""
"""03a5039b-0bf1-4de4-80a2-97cd1972d21b""","""Stevron Frey""","""/wiki/Stevron_Frey"""
"""54381c1d-c846-4a1b-b6b3-baac9f9ade8b""","""Joyeuse Erenford""","""/wiki/Joyeuse_Erenford"""
"""b7c509bd-16ac-4ad7-96a1-5279e51e7039""","""Brothel guard""","""/wiki/Brothel_guard"""
"""0fd1956b-7121-4f47-9315-bdf74f9f89d8""","""Jacks""","""/wiki/Jacks"""
"""b28643db-0338-4525-8b7b-4801a3ed219b""","""King's Landing baker""","""/wiki/King%27s_Landing_baker"""
"""e5b28430-bd4e-4978-8e45-c0ea2687ab5d""","""Tom""","""/wiki/Tom"""
"""3725cf8d-85d7-4b1c-9507-028b1e15e808""","""Hodor""","""/wiki/Hodor"""
"""ca005f7c-a959-48a1-95ef-80394431d70d""","""Willis Wode""","""/wiki/Willis_Wode"""
"""c28fef41-818b-450f-b721-0cc1d84d0663""","""Donnel Waynwood""","""/wiki/Donnel_Waynwood"""
"""457d7eb7-f92a-496e-afe7-9aa0b894134e""","""Mace Tyrell""","""/wiki/Mace_Tyrell"""
"""2cd25e90-87c5-4570-be49-60aaf40576a0""","""Doreah""","""/wiki/Doreah"""
"""dfdf3982-0d3d-4634-8ea7-ea68e2626189""","""White Walker (Hardhome)""","""/wiki/White_Walker_(Hardhome)"""
"""2e34da96-6a53-476f-b22d-3db47c32b91c""","""Bolton general""","""/wiki/Bolton_general"""
"""5f9757ef-1850-4454-90fb-abc9159e01a1""","""Mummer 3""","""/wiki/Mummer_3"""
"""151e4357-f21c-40ab-aa00-cd35898fc230""","""Hugh""","""/wiki/Hugh"""
"""3d044eaf-040d-4908-ad2c-a716e873ffd3""","""Goldcloak 2 (Lord Snow)""","""/wiki/Goldcloak_2_(Lord_Snow)"""
"""47f0f650-c67e-4e68-91c7-ed7335385a59""","""Jaime Lannister""","""/wiki/Jaime_Lannister"""
"""e8320dac-8580-49d6-a9f3-1bb866764330""","""Kurleket""","""/wiki/Kurleket"""
"""5897db05-9e00-4c88-8f39-404090787c43""","""Braavosi prostitute""","""/wiki/Braavosi_prostitute"""
"""97a0a983-c7a2-47de-a111-362437cc3747""","""Sorcerer""","""/wiki/Sorcerer"""
"""ce89f947-b912-4864-a122-7b51e1a002d4""","""Dongo""","""/wiki/Giant_(Valar_Dohaeris)"""
"""f363424d-a54e-4e9d-ad86-0c5c97ef1ebe""","""Mago""","""/wiki/Mago"""
"""280322ba-9df2-4143-a85c-fe26aa3b5a16""","""Unidentified handmaiden""","""/wiki/Unidentified_handmaiden"""
"""d11f2357-bba9-4bfc-a84c-d2c1bc416562""","""Lannister torturer""","""/wiki/Lannister_torturer"""
"""0fab4d7b-b68e-4677-9ad8-e771e20078c5""","""Brozho""","""/wiki/Brozho"""
"""eec9c468-3eff-4a0c-9790-9f2e282b6cdc""","""Stark messenger""","""/wiki/Stark_messenger"""
"""29c4145c-4f88-4423-bde2-a96318c3b452""","""Eyrie guard""","""/wiki/Eyrie_Guard"""
"""2e1a014b-1a18-42bc-a248-e8e7c4dd25b6""","""Walder Frey""","""/wiki/Walder_Frey"""
"""04dca8ce-1f46-4971-aab8-7a6a34c08faf""","""Qhorin""","""/wiki/Qhorin_Halfhand"""
"""e834d7dc-4d1d-4237-b705-b8f321a8fbe7""","""Wyman Manderly""","""/wiki/Wyman_Manderly"""
"""f6a6c567-85b7-4fda-9df6-149f070faf08""","""Volantene whore (The Broken Man)""","""/wiki/Volantene_whore_(The_Broken_Man)"""
"""fb47f55a-e7e4-4f0e-acef-70acace613b9""","""Ryger Rivers""","""/wiki/Ryger_Rivers"""
"""b1884729-6195-4ed7-994e-e96ec49dd5f6""","""Leaf""","""/wiki/Leaf"""
"""1883d30c-4a61-4a0a-9a8f-41e3f1297fb2""","""Elder slave""","""/wiki/Elder_slave"""
"""487dea11-2b59-4a08-aad0-864345d6b63f""","""Amory Lorch""","""/wiki/Amory_Lorch"""
"""267e6ae4-4794-4b5f-9ce3-2c83c468f6b0""","""Wildling girl""","""/wiki/Wildling_girl"""
"""a35a0310-ad23-4913-b9e2-c29bee4c6d5b""","""Robin Arryn""","""/wiki/Robin_Arryn"""
"""7b9865d4-3849-4a20-b36d-dc96b5bd71ce""","""Craster""","""/wiki/Craster"""
"""1991fad8-b5e4-4f3a-89ed-978cdb9052c8""","""Harald Karstark""","""/wiki/Harald_Karstark"""
"""808ae220-fb30-4abd-8406-cbc69cc5ed8b""","""Eddard Stark""","""/wiki/Eddard_Stark"""
"""73b99188-bb68-4101-984f-89b797421633""","""Smalljon Umber""","""/wiki/Jon_Umber_(Smalljon)"""
"""a5886ceb-7d73-4fd8-b81f-aab32c375e1c""","""Catelyn Stark""","""/wiki/Catelyn_Stark"""
"""fa99fe36-310f-4580-a7f8-f0ec225816d7""","""Wun Weg Wun Dar Wun""","""/wiki/Wun_Wun"""
"""5a6bd219-5dc7-493b-bccf-40540ce26863""","""Goatherd (The Laws of Gods and Men)""","""/wiki/Goatherd_(The_Laws_of_Gods_and_Men)"""
"""cf36db80-aa7e-4026-bcb5-e06e105a620e""","""Tormund""","""/wiki/Tormund"""
"""057b3a91-1dff-4695-9086-446120373535""","""Tansy""","""/wiki/Tansy"""
"""f56af6ab-3c7e-4d1a-ab4f-ab645297fecf""","""Old man""","""/wiki/Old_man"""
"""d2277380-acde-48de-b3d0-eea687f659e3""","""Goatherd (The Children)""","""/wiki/Goatherd_(The_Children)"""
"""91a711c5-fda6-4506-9542-4f8b51f85139""","""Drunk man""","""/wiki/Drunk_Man"""
"""68f8537a-4b9f-4660-bf29-74e4007d6b6d""","""Tyrell bannerman""","""/wiki/Tyrell_bannerman"""
"""d5427dd9-063a-433d-8507-3126f8b4e232""","""Dothraki widow 3""","""/wiki/Dothraki_widow_3"""
"""6781b456-d39f-48e7-817c-a9b290812bd9""","""Samwell Tarly""","""/wiki/Samwell_Tarly"""
"""e627d286-fec7-4e51-a112-78081bc4edc2""","""Yunkai'i slave 3""","""/wiki/Yunkai%27i_slave_3"""
"""90b5e24a-b902-4a38-bb9b-86d4221b6b00""","""Yunkai'i slave 2""","""/wiki/Yunkai%27i_slave_2"""
"""e6949c62-e94a-49ce-8755-3e6ccb8dc498""","""Yunkai'i slave 1""","""/wiki/Yunkai%27i_slave_1"""
"""fb7b71da-84cb-4af5-a9fc-fc14e597f8f0""","""Cersei Lannister""","""/wiki/Cersei_Lannister"""
"""ba4510a2-75fe-4444-99bd-1c8ec9aec95e""","""Yunkai'i slave 5""","""/wiki/Yunkai%27i_slave_5"""
"""5480d107-0fc9-4fb7-b55b-1b328d52ece1""","""Yunkai'i slave 4""","""/wiki/Yunkai%27i_slave_4"""
"""6296d6b2-71ad-4ba6-8bea-400a5b2e0145""","""Marianne Frey""","""/wiki/Marianne_Frey"""
"""7e5d264b-76e5-4d8f-953d-4fe06bdd7bb1""","""Alton Lannister""","""/wiki/Alton_Lannister"""
"""462bf880-a751-4368-b134-80fa594c66fd""","""Dongo""","""/wiki/Giant_(The_Watchers_on_the_Wall)"""
"""13e8e6d0-ce66-4052-a24e-5db0ad3d3ec1""","""Will""","""/wiki/Will"""
"""3fd1ed08-04cc-4ee7-a45d-388e7ed0ea52""","""Theon Greyjoy""","""/wiki/Reek"""
"""c0d3fa32-3759-4249-9833-083311298944""","""Night's Watch man (Breaker of Chains)""","""/wiki/Night%27s_Watch_man_(Breaker_of_Chains)"""
"""6d594af1-fe19-49de-a216-2b43167c863a""","""Jon Snow""","""/wiki/Jon_Snow"""
"""c06d0da7-b75e-43dd-9adf-ead842986437""","""Red Priestess (No One)""","""/wiki/Red_Priestess_(No_One)"""
"""4d77002c-50b6-4567-ade1-571793b4a8f9""","""Grey Worm""","""/wiki/Grey_Worm"""
"""1a06515c-184c-4da6-8361-ced0b68e61a2""","""Northman rioter""","""/wiki/Northman_rioter?action=edit&redlink=1"""
"""a1820708-633c-428f-87e9-c81fc72cb319""","""Mossador""","""/wiki/Slave_(Oathkeeper)"""
"""745f860a-ab5e-447a-86c1-e165fae45654""","""Stableboy""","""/wiki/Stableboy"""
"""d88162b9-dda7-4536-86ef-a53274931a4b""","""Meryn Trant""","""/wiki/Meryn_Trant"""
"""62a5d98b-cc04-486a-b5f0-a28a9f66cd6e""","""Balon Greyjoy""","""/wiki/Balon_Greyjoy"""
"""da442eef-26a5-451e-8a5c-f821ee649161""","""Lancel""","""/wiki/Lancel"""
"""c706bc8a-3a17-4a21-8d7c-ad2d8e817f13""","""Walder Rivers""","""/wiki/Black_Walder_Rivers"""
"""f5397e07-4ddd-4977-bf9e-5ed62f9faceb""","""Goldcloak 1 (The Wolf and the Lion)""","""/wiki/Goldcloak_1_(The_Wolf_and_the_Lion)"""
"""bc7e38c5-1879-4a0b-a130-1112136ab185""","""Child of the Forest 2 (The Children)""","""/wiki/Child_of_the_Forest_2_(The_Children)"""
"""8cc890d8-bf34-45ab-a040-84d8aa7696d9""","""Leo Lefford""","""/wiki/Leo_Lefford"""
"""0aa23a4b-73bd-4867-a8e7-45595f53cb28""","""Mag Mar Tun Doh Weg""","""/wiki/Mag_Mar_Tun_Doh_Weg"""
"""a0ab7774-114c-4336-9c19-cee32ec098f1""","""Selyse Baratheon""","""/wiki/Selyse_Baratheon"""
"""49871552-dc8c-4211-a6c8-a94d42261456""","""Lady Crane""","""/wiki/Lady_Crane"""
"""1a60f7e9-d627-4261-b721-cb4dd1d13d0e""","""Qotho""","""/wiki/Qotho"""
"""8c48f67e-56c8-45de-8529-b56d55fbc157""","""Craster's wives""","""/wiki/Craster%27s_wife"""
"""6d174a7b-ca1a-476d-ab26-064d2197b850""","""Moelle""","""/wiki/Moelle"""
"""19b641ad-c280-4917-af5b-08f9e2a5eeb7""","""Adrack Humble""","""/wiki/Adrack_Humble"""
"""973e34d8-6206-4809-9ec8-70ee8f4ae1e8""","""Stiv""","""/wiki/Stiv"""
"""44764062-613f-4c0e-a66d-6d5b74cbcabc""","""Young bravo""","""/wiki/Young_Bravo"""
"""3d5d3cc7-e17a-46ac-8df3-017d00cdc928""","""Sellsword 2 (High Sparrow)""","""/wiki/Sellsword_2_(High_Sparrow)"""
"""bc6abe0b-e769-40de-80b8-e1ab2b8f77fd""","""Tycho Nestoris""","""/wiki/Tycho_Nestoris"""
"""db8d783a-2ed7-4d82-96ec-56e07c0c6715""","""Brothel child 1""","""/wiki/Brothel_child_1"""
"""55ff5cfc-784a-4672-bf91-bf8878041b76""","""Masha Heddle""","""/wiki/Masha_Heddle"""
"""a04f1fe0-3a13-4d69-85ba-c81628afc998""","""Morgan""","""/wiki/Morgan_(season_6)"""
"""86418116-2c75-4cf3-95ff-16fbf7f150cf""","""Unella""","""/wiki/Unella"""
"""a29151af-c03b-4a18-907d-380e413d43f9""","""Whore (The Mother)""","""/wiki/Whore_(The_Mother)"""
"""36c7214c-3034-408c-b9e2-4c20e4e6bf39""","""Willa""","""/wiki/Johnna%27s_sister"""
"""517399ca-850a-4d49-b107-602691d4d4fa""","""Grenn""","""/wiki/Grenn"""
"""c2a11549-9ac6-42f3-87f4-5946a98a9564""","""Areo Hotah""","""/wiki/Areo_Hotah"""
"""aabaaad2-2aab-4623-8f96-81e1b1d61df4""","""Frey guard""","""/wiki/Frey_guard"""
"""5211407e-77c8-4c15-81ed-4abbb58f7c51""","""Bolton soldier (Walk of Punishment)""","""/wiki/Bolton_soldier_(Walk_of_Punishment)"""
"""6c06d2b8-b854-43d7-8384-1fa44b323f76""","""Unsullied 1 (Valar Dohaeris)""","""/wiki/Unsullied_1_(Valar_Dohaeris)"""
"""4e1a1ed8-aff0-40fb-b7a0-a5a323d7c24a""","""Dontos Hollard""","""/wiki/Dontos_Hollard"""
"""c32b2ee2-db6b-4333-9bc9-e4664c850faa""","""Son of the Harpy""","""/wiki/Son_of_the_Harpy"""
"""7d3ee9b2-beba-4329-a253-8c4b2e2fa3bc""","""Brothel customer""","""/wiki/Brothel_customer?action=edit&redlink=1"""
"""d4888aef-f07e-474a-90e7-0bf10707915c""","""Master Torturer""","""/wiki/Master_Torturer"""
"""c43cbc7b-4f19-4681-8ec9-b0445335c2ba""","""Kitty Frey""","""/wiki/Kitty_Frey"""
"""682843ee-ae50-4543-90bc-1d71edb0f521""","""Hot Pie""","""/wiki/Hot_Pie"""
"""ad19b9a6-c656-4ecd-a33f-95c28419e381""","""Samwell Stone""","""/wiki/Sam_Stone"""
"""59dae821-cced-4828-b011-58f066bd2326""","""Camello""","""/wiki/Camello"""
"""f074c7f6-f501-4720-aafa-ab7a482e4ed8""","""Daario Naharis""","""/wiki/Daario_Naharis"""
"""8781d8cb-acef-4d89-9a4a-1a10c67e6f10""","""Dickon Tarly""","""/wiki/Dickon_Tarly"""
"""9354b44d-a259-4735-a2c4-03c78b7f6d07""","""Prendahl na Ghezn""","""/wiki/Prendahl_na_Ghezn"""
"""93575994-ef8c-4273-80c2-ae981b32d6f2""","""Olly""","""/wiki/Olly"""
"""56e3655d-3365-400f-8131-06729f265b8b""","""Innkeeper""","""/wiki/Innkeeper"""
"""60fc982b-68c7-4654-b901-83d8a6153272""","""Karsi""","""/wiki/Karsi"""
"""5ff91814-6a4e-41af-8f87-cc349f72ea8a""","""Lannister messenger""","""/wiki/Lannister_messenger"""
"""daf6950d-49ae-4a55-b8dd-9f9f70af8da3""","""Morag""","""/wiki/Morag"""
"""18673757-98ba-4843-aefb-9b0a94f0cca7""","""King's Landing drunkard""","""/wiki/King%27s_Landing_drunkard"""
"""e97f938f-5711-42e6-b6d2-ac98f9ae4836""","""Denys Mallister""","""/wiki/Denys_Mallister"""
"""862183c1-69d9-428b-9e38-635f74041902""","""Whore (The Stranger)""","""/wiki/Whore_(The_Stranger)"""
"""bdb068c9-670d-440c-88a2-04260b8e12a9""","""Rhalko""","""/wiki/Rhalko"""
"""c3958414-974d-413e-b48c-d61b33173092""","""Riverlands traveller""","""/wiki/Riverrun_traveller"""
"""b6435b54-1ec0-45c9-b4b2-64273c8d6068""","""King's Landing flasher""","""/wiki/King%27s_Landing_flasher"""
"""0fa8d8b2-fac0-48fd-8237-dfef086a6250""","""Olenna Tyrell""","""/wiki/Olenna_Tyrell"""
"""5c3774c6-d399-4761-ac43-383a135e1db2""","""Mole's Town whore""","""/wiki/Mole%27s_Town_whore"""
"""fb373fe2-8184-47c9-a069-473088f996db""","""Night's Watch man (The Door)""","""/wiki/Night%27s_Watch_man_(The_Door)"""
"""4988aa39-bf7b-4312-92c9-2fd9c255daaa""","""Myrcella Baratheon""","""/wiki/Myrcella_Baratheon"""
"""613436a1-cd6c-47e5-adec-1d601754dc04""","""Robett Glover""","""/wiki/Robett_Glover"""
"""3cc89862-3750-4bae-bd65-75e7fa7d181b""","""Night King""","""/wiki/The_Night_King"""
"""66a53b5e-eaf4-494f-8972-0c7465488475""","""Frey soldier 2""","""/wiki/Frey_soldier_2"""
"""5da90260-bc78-4108-acec-ecbd4885c53e""","""Frey soldier 1""","""/wiki/Frey_soldier_1"""
"""524230fd-6325-4f27-ba85-dcd27efcdf30""","""Aeron Greyjoy""","""/wiki/Aeron_Greyjoy"""
"""ae91636d-a6a2-40de-85d4-470f99673760""","""Sparring boy""","""/wiki/Sparring_boy"""
"""a97348be-bb5c-42c7-a227-42d9ee86f4a3""","""Talla Tarly""","""/wiki/Talla_Tarly"""
"""deca0d19-ac0e-4310-ab4e-5b9f12a2586b""","""Lysa Arryn""","""/wiki/Lysa_Arryn"""
"""a925821f-d41c-40ec-8055-7a2ba83ddbda""","""Septon (The Rains of Castamere)""","""/wiki/Septon_(The_Rains_of_Castamere)"""
"""9bef194e-0fde-4b77-b4d3-288f8f189d0b""","""Jack Bulwer""","""/wiki/Jack_Bulwer"""
"""4bc8e8a6-3a64-4fdc-aadf-b006d38185a4""","""Sansa Stark""","""/wiki/Sansa_Stark"""
"""ce2e2b54-3f84-4769-b609-f1b7e0712acd""","""Great Master 1 (Kill the Boy)""","""/wiki/Great_Master_1_(Kill_the_Boy)"""
"""4650f94c-da81-40b5-a6e0-2fc0066c9b16""","""Ornela""","""/wiki/Ornela"""
"""31ee4115-1347-4ead-9b79-f096db2400dc""","""Night's Watch messenger""","""/wiki/Night%27s_Watch_messenger"""
"""e756d4c1-28ad-4793-9e46-686bc7f606a0""","""Moro's wife 1""","""/wiki/Moro%27s_wife_1"""
"""0a0b8b23-7dd7-4b49-8cc6-31b7df0fd296""","""Moro's wife 2""","""/wiki/Moro%27s_wife_2"""
"""a75d3b1b-b83f-474e-b2ab-68241f454dae""","""Musician 1 (The Lion and the Rose)""","""/wiki/Musician_1_(The_Lion_and_the_Rose)"""
"""96e49774-60e3-44b9-9cac-fa2b71a9bb8b""","""Whore (The Smith)""","""/wiki/Whore_(The_Smith)"""
"""5418892f-0fe3-4dcb-86b7-8900109d917c""","""Ironborn 1 (The Door)""","""/wiki/Ironborn_1_(The_Door)"""
"""9291693f-fa09-4622-89c2-d16245118e90""","""Trystane Martell""","""/wiki/Trystane_Martell"""
"""7730a397-0719-4aae-9dec-0e7872f1bb0c""","""Ros' dissatisfied customer""","""/wiki/Ros%27s_dissatisfied_customer"""
"""56740ad7-a941-483a-b708-a07fd5ead499""","""Eon Hunter""","""/wiki/Eon_Hunter"""
"""abd25e71-d3a9-40c9-bc1a-d0ef01d025e2""","""Drowned Priest""","""/wiki/Drowned_Priest"""
"""756380df-ebc1-4b93-9264-07c47d9d8fcf""","""Loras""","""/wiki/Loras_Tyrell"""
"""d388551a-24cc-4cde-9d2a-532d19d6f599""","""Armeca""","""/wiki/Armeca"""
"""1cbe6ada-caa9-4069-a0ed-ca1e894314a4""","""Thenn warg""","""/wiki/Thenn_Warg"""
"""41e7fddc-98b7-4559-a775-ddb956b9c481""","""Ilyn Payne""","""/wiki/Ilyn_Payne"""
"""43392417-4532-45ed-aed8-b62765b76cde""","""Stark guard (A Man Without Honor)""","""/wiki/Stark_guard_1_(A_Man_Without_Honor)"""
"""b0f2ea32-8690-4852-91df-98906f626c6e""","""Lannister guardsman (Garden of Bones)""","""/wiki/Lannister_guardsman_(Garden_of_Bones)"""
"""d383026a-8b69-4b6a-af04-69a6aa97c9be""","""Braavosi captain""","""/wiki/Braavosi_captain"""
"""bd358095-5d79-4f16-ba94-37d0e513eea0""","""Yohn Royce""","""/wiki/Yohn_Royce"""
"""de677720-837e-49c0-a83e-6f1a8415cb1b""","""Anya Waynwood""","""/wiki/Anya_Waynwood"""
"""c8259cf7-24a3-4811-ac87-f2522e38a089""","""Brusco""","""/wiki/Brusco"""
"""9260d0dd-500e-448a-b3d1-e637e35c5a7f""","""Petyr Baelish""","""/wiki/Petyr_Baelish"""
"""ce615496-e69d-49c8-91ec-929c3537639b""","""Tommen Baratheon""","""/wiki/Tommen_Baratheon"""
"""78e00fec-c5ea-4f8a-bd13-3589737ce86d""","""Benjen Stark""","""/wiki/Benjen_Stark"""
"""3ce703cc-ac93-4a7b-bc54-fb49a50d2899""","""Goldcloak 1 (Lord Snow)""","""/wiki/Goldcloak_1_(Lord_Snow)"""
"""a6fa9966-f6e4-46c3-a586-8b106154a9b9""","""Rickard Stark""","""/wiki/Rickard_Stark"""
"""b1b39b3c-a8ec-447d-b278-edd0db0016a3""","""First Mate""","""/wiki/First_Mate"""
"""f4005f4a-f704-4d1f-bea3-24d9d6cface0""","""Guymon""","""/wiki/Guymon"""
"""ff5432cf-abfc-4f03-a204-82c9d70db930""","""Thin man""","""/wiki/Thin_man"""
"""08dc0b56-41c9-42de-9624-22643bb0ca76""","""Ironborn 2 (The Door)""","""/wiki/Ironborn_2_(The_Door)"""
"""b6b7db50-a306-4581-a640-35ec1d76477e""","""Doran Martell""","""/wiki/Doran_Martell"""
"""f3b3ddf9-77b4-4df0-8691-be12fc8079fa""","""Citadel maester (The Winds of Winter)""","""/wiki/Citadel_maester_(The_Winds_of_Winter)"""
"""794bc3fe-2adb-4ccb-a980-4366bd8df721""","""Whore (The Warrior)""","""/wiki/Whore_(Breaker_of_Chains)"""
"""dc3869e1-bf1e-44df-ab1a-cd6840f33330""","""Melessa Tarly""","""/wiki/Melessa_Tarly"""
"""fc492b99-541f-4520-94ab-02cc360e5604""","""Pyat Pree""","""/wiki/Pyat_Pree"""
"""1025a59b-ff57-4ba7-842d-162131264bef""","""Wendel Manderly""","""/wiki/Wendel_Manderly"""
"""90510878-f739-457c-930a-1b6b0f1f15fa""","""Volantene whore 3""","""/wiki/Volantene_whore_3?action=edit&redlink=1"""
"""8e6cf4ae-26cf-458a-bf4c-b71103b1b942""","""Weasel""","""/wiki/Weasel"""
"""5bcb5844-c8c2-4596-85e2-def898589eb0""","""High Septon (After the riot of King's Landing)""","""/wiki/High_Septon_(After_the_Riot_of_King%E2%80%99s_Landing)"""
"""068e47c9-e4f0-4ce3-98d0-41e09327f5ea""","""Marya Seaworth""","""/wiki/Marya_Seaworth"""
"""4e39bdc2-f57e-4d8b-835e-283c567b87cf""","""Aegon V Targaryen""","""/wiki/Aegon_V_Targaryen"""
"""2a774ea2-4d8e-45f0-a6f6-90c47e1d5115""","""Minisa Tully""","""/wiki/Minisa_Tully"""
"""9c693881-1940-4d47-b83d-f578949f1670""","""Joanna Lannister""","""/wiki/Joanna_Lannister"""
"""1a5d6a3a-bd92-44fb-b7bf-be6eb6a005b7""","""Alerie Tyrell""","""/wiki/Alerie_Tyrell"""
"""c53a1a0d-c105-4cb1-aedd-d36e9b04fa88""","""Myriah Martell""","""/wiki/Myriah_Martell"""
"""df93f337-e539-4222-8763-6385d5c10108""","""Baelish (father of Petyr)""","""/wiki/Baelish_(father_of_Petyr)"""
"""f13f8009-6a12-4539-b605-32a781b847af""","""Alannys Greyjoy""","""/wiki/Alannys_Greyjoy"""
"""5921280d-fa9c-4e37-b151-fcae68431fff""","""Stokeworth (Lord)""","""/wiki/Stokeworth_(Lord)"""
"""1012a37e-5833-4541-8d17-529cba19859f""","""Selwyn Tarth""","""/wiki/Selwyn_Tarth"""
"""b787e63f-e505-421f-b64c-9a36519576e3""","""Baelish (hedge knight)""","""/wiki/Baelish_(hedge_knight)"""
"""efea2441-af48-4111-ae39-2859e2e4f32c""","""Selyse Baratheon""","""/wiki/Selyse_Florent"""
"""249c064a-0dde-497c-998b-a7e1e7461856""","""Maekar Targaryen""","""/wiki/Maekar_Targaryen"""
"""23e67592-6ba1-4c3a-9070-02dac869aa74""","""Cynda Lannister""","""/wiki/Cynda_Lannister"""
"""c72fe44d-d4c9-4d3a-9bdf-9e0b09290c4d""","""Daeron II Targaryen""","""/wiki/Daeron_II_Targaryen"""
"""aabbc6c1-0e38-4ff0-b4e8-fb8a1c79414b""","""Rhaella Targaryen""","""/wiki/Rhaella_Targaryen"""
"""9e7163f8-d6e6-42a5-8cb6-4215b180bf1a""","""Maekar Targaryen""","""/wiki/Maekar_I_Targaryen"""
"""0912425e-3088-40a3-8ecd-ed77367763ba""","""Tytos Lannister""","""/wiki/Tytos_Lannister"""
"""ab2e473c-c982-423a-94b0-84cc7b68ae1e""","""Jasper Arryn""","""/wiki/Jasper_Arryn"""
"""8a771e27-6dc7-45a9-99bf-21feea282efb""","""Steffon Baratheon""","""/wiki/Steffon_Baratheon"""
"""41ea8cfa-7698-4a07-865a-2f6fe6d6b7b2""","""Unnamed miller's wife""","""/wiki/Miller%27s_wife"""
"""20e531bd-6458-4506-b855-3fa942c9a5c3""","""Harys Swyft""","""/wiki/Harys_Swyft"""
"""246972df-2974-4405-8ed8-3f400d161597""","""Cheyk""","""/wiki/Cheyk"""
"""b2209b6a-2071-4851-9412-ad1fb1f72785""","""Cassana Baratheon""","""/wiki/Cassana_Baratheon"""
"""8e16ea72-66cb-418a-b7a1-4b994fc6d73a""","""Farmer""","""/wiki/Farmer"""
"""c1d5a211-98ea-4d7f-ab49-23bda6bf6c3e""","""Rhaegar Targaryen""","""/wiki/Rhaegar_Targaryen"""
"""6d40d853-26ec-4af6-9669-f6cba77ddf24""","""Beric Dayne""","""/wiki/Beric_Dayne"""
"""c546850e-10bd-4112-ad55-242a09f5e500""","""Tanda Stokeworth""","""/wiki/Tanda_Stokeworth"""
"""c611ce0c-c0b3-4b1b-915e-88bcb3ba9aaa""","""Dyanna Dayne""","""/wiki/Dyanna_Dayne"""
"""d0d72fd9-2f0b-493c-9f8e-26e0beb3ac92""","""Damon Marbrand""","""/wiki/Damon_Marbrand"""
"""6740bdd2-07b0-4f27-bd8c-70a153e371fa""","""Bharbo""","""/wiki/Bharbo"""
"""912892ba-4b65-4887-aa8c-e6d80bef7e9f""","""Luthor Tyrell""","""/wiki/Luthor_Tyrell"""
"""49763655-6d88-4a10-aff6-f8c0fd12f48d""","""Dorna Lannister""","""/wiki/Dorna_Lannister"""
"""180905db-1e5c-453f-a2fd-948b8ff019e9""","""Dolf""","""/wiki/Dolf"""